ID,Name,Email,Age,Phone,Address,City,Zip Code,Register ID
1,John Doe,john.doe@example.com,28,123-456-7890,123 Main St,New York,10001,REG123
2,Jane Smith,jane.smith@example.com,34,987-654-3210,456 Elm St,Los Angeles,90001,REG124
3,Alice Johnson,alice.johnson@example.com,29,555-555-5555,789 Oak St,Chicago,60601,REG125
4,Bob Brown,bob.brown@example.com,45,444-444-4444,321 Pine St,Houston,77001,REG126
5,Charlie Davis,charlie.davis@example.com,31,333-333-3333,654 Maple St,Phoenix,85001,REG127
6,Diana Prince,diana.prince@example.com,27,222-222-2222,987 Cedar St,Philadelphia,19101,REG128
7,Ethan Hunt,ethan.hunt@example.com,36,111-111-1111,135 Birch St,San Antonio,78201,REG129
8,Fiona Gallagher,fiona.gallagher@example.com,24,666-666-6666,246 Spruce St,San Diego,92101,REG130
9,George Costanza,george.costanza@example.com,40,777-777-7777,357 Fir St,Dallas,75201,REG131
10,Hannah Baker,hannah.baker@example.com,22,888-888-8888,468 Willow St,San Jose,95101,REG132